Workbook

Sheet テーブル定義
A1: 凡例：黄色＝型候補の判定に使う入力欄／グレー＝判定に使わない管理用項目／緑＝自動計算（型候補）
A2: DB名・データ種別・Yes/No系の列はドロップダウンから選択してください。型候補は自動更新されます。
A3: No | B3: スキーマ名 | C3: テーブル名 | D3: 項目名 | E3: 項目論理名 | F3: DB名 | G3: データ種別 | H3: Unicode | I3: 最大桁 | J3: 小数桁 | K3: 時間 | L3: タイムゾーン | M3: NULL許可 | N3: デフォルト値 | O3: PK | P3: PK順 | Q3: UNIQUE | R3: 型候補 | S3: _キー | T3: _パターン | U3: _基本型名
A4: 1 | B4: dbo | C4: users | D4: user_name | E4: ユーザー名 | F4: SQLServer | G4: 文字列 | H4: 要 | I4: 100 | M4: 不可 | O4: No | Q4: No | R4: =_xlfn.IFS(T4="FIXED",U4,T4="STRING",IF(I4="","(最大桁を入力してください)",IF(I4>4000,"CLOB",IF(H4="要","NVARCHAR2("&I4&")","VARCHAR2("&I4&")"))),T4="STRING_PG",IF(I4="","TEXT","VARCHAR("&I4&")"),T4="STRING_MS",IF(OR(I4="",I4>8000),IF(H4="要","NVARCHAR(MAX)","VARCHAR(MAX)"),IF(H4="要","NVARCHAR("&I4&")","VARCHAR("&I4&")")),T4="NUMBER_ORA",IF(I4="","(最大桁を入力してください)",IF(AND(J4<>"",J4>0),"NUMBER("&I4&","&J4&")","NUMBER("&I4&")")),T4="NUMBER_PG",IF(AND(J4<>"",J4>0),IF(I4="","(最大桁を入力してください)","NUMERIC("&I4&","&J4&")"),IF(I4="","INTEGER",IF(I4<=4,"SMALLINT",IF(I4<=9,"INTEGER","BIGINT")))),T4="NUMBER_MS",IF(AND(J4<>"",J4>0),IF(I4="","(最大桁を入力してください)","DECIMAL("&I4&","&J4&")"),IF(I4="","INT",IF(I4<=2,"TINYINT",IF(I4<=4,"SMALLINT",IF(I4<=9,"INT","BIGINT"))))),T4="DATE_ORA",IF(K4="不要","DATE",IF(L4="要","TIMESTAMP WITH TIME ZONE","TIMESTAMP")),T4="DATE_PG",IF(K4="不要","DATE",IF(L4="要","TIMESTAMPTZ","TIMESTAMP")),T4="DATE_MS",IF(K4="不要","DATE",IF(L4="要","DATETIMEOFFSET","DATETIME2")),T4="BIN_ORA",IF(AND(I4<>"",I4<=2000),"RAW("&I4&")","BLOB"),T4="BIN_MS",IF(AND(I4<>"",I4<=8000),"VARBINARY("&I4&")","VARBINARY(MAX)"),T4="VERSION_ORA","NUMBER("&IF(I4="",10,I4)&")",T4="VERSION_PG","NUMERIC("&IF(I4="",10,I4)&")",TRUE(),"(データ種別・DB名を確認してください)") -> NVARCHAR(100) | S4: =G4&"|"&F4 -> 文字列|SQLServer | T4: =IFERROR(INDEX(型マスタ!$E:$E,MATCH(S4,型マスタ!$A:$A,0)),"") -> STRING_MS | U4: =IFERROR(INDEX(型マスタ!$D:$D,MATCH(S4,型マスタ!$A:$A,0)),"") -> VARCHAR
A5: 2 | B5: dbo | C5: users | D5: user_id | E5: ユーザーID | F5: Oracle | G5: UUID | M5: 不可 | O5: Yes | P5: 1 | Q5: Yes | R5: =_xlfn.IFS(T5="FIXED",U5,T5="STRING",IF(I5="","(最大桁を入力してください)",IF(I5>4000,"CLOB",IF(H5="要","NVARCHAR2("&I5&")","VARCHAR2("&I5&")"))),T5="STRING_PG",IF(I5="","TEXT","VARCHAR("&I5&")"),T5="STRING_MS",IF(OR(I5="",I5>8000),IF(H5="要","NVARCHAR(MAX)","VARCHAR(MAX)"),IF(H5="要","NVARCHAR("&I5&")","VARCHAR("&I5&")")),T5="NUMBER_ORA",IF(I5="","(最大桁を入力してください)",IF(AND(J5<>"",J5>0),"NUMBER("&I5&","&J5&")","NUMBER("&I5&")")),T5="NUMBER_PG",IF(AND(J5<>"",J5>0),IF(I5="","(最大桁を入力してください)","NUMERIC("&I5&","&J5&")"),IF(I5="","INTEGER",IF(I5<=4,"SMALLINT",IF(I5<=9,"INTEGER","BIGINT")))),T5="NUMBER_MS",IF(AND(J5<>"",J5>0),IF(I5="","(最大桁を入力してください)","DECIMAL("&I5&","&J5&")"),IF(I5="","INT",IF(I5<=2,"TINYINT",IF(I5<=4,"SMALLINT",IF(I5<=9,"INT","BIGINT"))))),T5="DATE_ORA",IF(K5="不要","DATE",IF(L5="要","TIMESTAMP WITH TIME ZONE","TIMESTAMP")),T5="DATE_PG",IF(K5="不要","DATE",IF(L5="要","TIMESTAMPTZ","TIMESTAMP")),T5="DATE_MS",IF(K5="不要","DATE",IF(L5="要","DATETIMEOFFSET","DATETIME2")),T5="BIN_ORA",IF(AND(I5<>"",I5<=2000),"RAW("&I5&")","BLOB"),T5="BIN_MS",IF(AND(I5<>"",I5<=8000),"VARBINARY("&I5&")","VARBINARY(MAX)"),T5="VERSION_ORA","NUMBER("&IF(I5="",10,I5)&")",T5="VERSION_PG","NUMERIC("&IF(I5="",10,I5)&")",TRUE(),"(データ種別・DB名を確認してください)") -> RAW(16) | S5: =G5&"|"&F5 -> UUID|Oracle | T5: =IFERROR(INDEX(型マスタ!$E:$E,MATCH(S5,型マスタ!$A:$A,0)),"") -> FIXED | U5: =IFERROR(INDEX(型マスタ!$D:$D,MATCH(S5,型マスタ!$A:$A,0)),"") -> RAW(16)
A6: 3 | B6: public | C6: users | D6: is_deleted | E6: 削除フラグ | F6: PostgreSQL | G6: 真偽値 | M6: 不可 | N6: false | O6: No | Q6: No | R6: =_xlfn.IFS(T6="FIXED",U6,T6="STRING",IF(I6="","(最大桁を入力してください)",IF(I6>4000,"CLOB",IF(H6="要","NVARCHAR2("&I6&")","VARCHAR2("&I6&")"))),T6="STRING_PG",IF(I6="","TEXT","VARCHAR("&I6&")"),T6="STRING_MS",IF(OR(I6="",I6>8000),IF(H6="要","NVARCHAR(MAX)","VARCHAR(MAX)"),IF(H6="要","NVARCHAR("&I6&")","VARCHAR("&I6&")")),T6="NUMBER_ORA",IF(I6="","(最大桁を入力してください)",IF(AND(J6<>"",J6>0),"NUMBER("&I6&","&J6&")","NUMBER("&I6&")")),T6="NUMBER_PG",IF(AND(J6<>"",J6>0),IF(I6="","(最大桁を入力してください)","NUMERIC("&I6&","&J6&")"),IF(I6="","INTEGER",IF(I6<=4,"SMALLINT",IF(I6<=9,"INTEGER","BIGINT")))),T6="NUMBER_MS",IF(AND(J6<>"",J6>0),IF(I6="","(最大桁を入力してください)","DECIMAL("&I6&","&J6&")"),IF(I6="","INT",IF(I6<=2,"TINYINT",IF(I6<=4,"SMALLINT",IF(I6<=9,"INT","BIGINT"))))),T6="DATE_ORA",IF(K6="不要","DATE",IF(L6="要","TIMESTAMP WITH TIME ZONE","TIMESTAMP")),T6="DATE_PG",IF(K6="不要","DATE",IF(L6="要","TIMESTAMPTZ","TIMESTAMP")),T6="DATE_MS",IF(K6="不要","DATE",IF(L6="要","DATETIMEOFFSET","DATETIME2")),T6="BIN_ORA",IF(AND(I6<>"",I6<=2000),"RAW("&I6&")","BLOB"),T6="BIN_MS",IF(AND(I6<>"",I6<=8000),"VARBINARY("&I6&")","VARBINARY(MAX)"),T6="VERSION_ORA","NUMBER("&IF(I6="",10,I6)&")",T6="VERSION_PG","NUMERIC("&IF(I6="",10,I6)&")",TRUE(),"(データ種別・DB名を確認してください)") -> BOOLEAN | S6: =G6&"|"&F6 -> 真偽値|PostgreSQL | T6: =IFERROR(INDEX(型マスタ!$E:$E,MATCH(S6,型マスタ!$A:$A,0)),"") -> FIXED | U6: =IFERROR(INDEX(型マスタ!$D:$D,MATCH(S6,型マスタ!$A:$A,0)),"") -> BOOLEAN
A7: 4 | B7: SCOTT | C7: users | D7: created_at | E7: 作成日時 | F7: Oracle | G7: 日付 | K7: 要 | L7: 不要 | M7: 不可 | O7: No | Q7: No | R7: =_xlfn.IFS(T7="FIXED",U7,T7="STRING",IF(I7="","(最大桁を入力してください)",IF(I7>4000,"CLOB",IF(H7="要","NVARCHAR2("&I7&")","VARCHAR2("&I7&")"))),T7="STRING_PG",IF(I7="","TEXT","VARCHAR("&I7&")"),T7="STRING_MS",IF(OR(I7="",I7>8000),IF(H7="要","NVARCHAR(MAX)","VARCHAR(MAX)"),IF(H7="要","NVARCHAR("&I7&")","VARCHAR("&I7&")")),T7="NUMBER_ORA",IF(I7="","(最大桁を入力してください)",IF(AND(J7<>"",J7>0),"NUMBER("&I7&","&J7&")","NUMBER("&I7&")")),T7="NUMBER_PG",IF(AND(J7<>"",J7>0),IF(I7="","(最大桁を入力してください)","NUMERIC("&I7&","&J7&")"),IF(I7="","INTEGER",IF(I7<=4,"SMALLINT",IF(I7<=9,"INTEGER","BIGINT")))),T7="NUMBER_MS",IF(AND(J7<>"",J7>0),IF(I7="","(最大桁を入力してください)","DECIMAL("&I7&","&J7&")"),IF(I7="","INT",IF(I7<=2,"TINYINT",IF(I7<=4,"SMALLINT",IF(I7<=9,"INT","BIGINT"))))),T7="DATE_ORA",IF(K7="不要","DATE",IF(L7="要","TIMESTAMP WITH TIME ZONE","TIMESTAMP")),T7="DATE_PG",IF(K7="不要","DATE",IF(L7="要","TIMESTAMPTZ","TIMESTAMP")),T7="DATE_MS",IF(K7="不要","DATE",IF(L7="要","DATETIMEOFFSET","DATETIME2")),T7="BIN_ORA",IF(AND(I7<>"",I7<=2000),"RAW("&I7&")","BLOB"),T7="BIN_MS",IF(AND(I7<>"",I7<=8000),"VARBINARY("&I7&")","VARBINARY(MAX)"),T7="VERSION_ORA","NUMBER("&IF(I7="",10,I7)&")",T7="VERSION_PG","NUMERIC("&IF(I7="",10,I7)&")",TRUE(),"(データ種別・DB名を確認してください)") -> TIMESTAMP | S7: =G7&"|"&F7 -> 日付|Oracle | T7: =IFERROR(INDEX(型マスタ!$E:$E,MATCH(S7,型マスタ!$A:$A,0)),"") -> DATE_ORA | U7: =IFERROR(INDEX(型マスタ!$D:$D,MATCH(S7,型マスタ!$A:$A,0)),"") -> 0
A8: 5 | B8: dbo | C8: users | D8: updated_at | E8: 更新日時 | F8: SQLServer | G8: 日付 | K8: 要 | L8: 要 | M8: 不可 | O8: No | Q8: No | R8: =_xlfn.IFS(T8="FIXED",U8,T8="STRING",IF(I8="","(最大桁を入力してください)",IF(I8>4000,"CLOB",IF(H8="要","NVARCHAR2("&I8&")","VARCHAR2("&I8&")"))),T8="STRING_PG",IF(I8="","TEXT","VARCHAR("&I8&")"),T8="STRING_MS",IF(OR(I8="",I8>8000),IF(H8="要","NVARCHAR(MAX)","VARCHAR(MAX)"),IF(H8="要","NVARCHAR("&I8&")","VARCHAR("&I8&")")),T8="NUMBER_ORA",IF(I8="","(最大桁を入力してください)",IF(AND(J8<>"",J8>0),"NUMBER("&I8&","&J8&")","NUMBER("&I8&")")),T8="NUMBER_PG",IF(AND(J8<>"",J8>0),IF(I8="","(最大桁を入力してください)","NUMERIC("&I8&","&J8&")"),IF(I8="","INTEGER",IF(I8<=4,"SMALLINT",IF(I8<=9,"INTEGER","BIGINT")))),T8="NUMBER_MS",IF(AND(J8<>"",J8>0),IF(I8="","(最大桁を入力してください)","DECIMAL("&I8&","&J8&")"),IF(I8="","INT",IF(I8<=2,"TINYINT",IF(I8<=4,"SMALLINT",IF(I8<=9,"INT","BIGINT"))))),T8="DATE_ORA",IF(K8="不要","DATE",IF(L8="要","TIMESTAMP WITH TIME ZONE","TIMESTAMP")),T8="DATE_PG",IF(K8="不要","DATE",IF(L8="要","TIMESTAMPTZ","TIMESTAMP")),T8="DATE_MS",IF(K8="不要","DATE",IF(L8="要","DATETIMEOFFSET","DATETIME2")),T8="BIN_ORA",IF(AND(I8<>"",I8<=2000),"RAW("&I8&")","BLOB"),T8="BIN_MS",IF(AND(I8<>"",I8<=8000),"VARBINARY("&I8&")","VARBINARY(MAX)"),T8="VERSION_ORA","NUMBER("&IF(I8="",10,I8)&")",T8="VERSION_PG","NUMERIC("&IF(I8="",10,I8)&")",TRUE(),"(データ種別・DB名を確認してください)") -> DATETIMEOFFSET | S8: =G8&"|"&F8 -> 日付|SQLServer | T8: =IFERROR(INDEX(型マスタ!$E:$E,MATCH(S8,型マスタ!$A:$A,0)),"") -> DATE_MS | U8: =IFERROR(INDEX(型マスタ!$D:$D,MATCH(S8,型マスタ!$A:$A,0)),"") -> 0
A9: 6 | B9: SCOTT | C9: orders | D9: amount | E9: 金額 | F9: Oracle | G9: 数値 | I9: 10 | J9: 2 | M9: 不可 | N9: 0 | O9: No | Q9: No | R9: =_xlfn.IFS(T9="FIXED",U9,T9="STRING",IF(I9="","(最大桁を入力してください)",IF(I9>4000,"CLOB",IF(H9="要","NVARCHAR2("&I9&")","VARCHAR2("&I9&")"))),T9="STRING_PG",IF(I9="","TEXT","VARCHAR("&I9&")"),T9="STRING_MS",IF(OR(I9="",I9>8000),IF(H9="要","NVARCHAR(MAX)","VARCHAR(MAX)"),IF(H9="要","NVARCHAR("&I9&")","VARCHAR("&I9&")")),T9="NUMBER_ORA",IF(I9="","(最大桁を入力してください)",IF(AND(J9<>"",J9>0),"NUMBER("&I9&","&J9&")","NUMBER("&I9&")")),T9="NUMBER_PG",IF(AND(J9<>"",J9>0),IF(I9="","(最大桁を入力してください)","NUMERIC("&I9&","&J9&")"),IF(I9="","INTEGER",IF(I9<=4,"SMALLINT",IF(I9<=9,"INTEGER","BIGINT")))),T9="NUMBER_MS",IF(AND(J9<>"",J9>0),IF(I9="","(最大桁を入力してください)","DECIMAL("&I9&","&J9&")"),IF(I9="","INT",IF(I9<=2,"TINYINT",IF(I9<=4,"SMALLINT",IF(I9<=9,"INT","BIGINT"))))),T9="DATE_ORA",IF(K9="不要","DATE",IF(L9="要","TIMESTAMP WITH TIME ZONE","TIMESTAMP")),T9="DATE_PG",IF(K9="不要","DATE",IF(L9="要","TIMESTAMPTZ","TIMESTAMP")),T9="DATE_MS",IF(K9="不要","DATE",IF(L9="要","DATETIMEOFFSET","DATETIME2")),T9="BIN_ORA",IF(AND(I9<>"",I9<=2000),"RAW("&I9&")","BLOB"),T9="BIN_MS",IF(AND(I9<>"",I9<=8000),"VARBINARY("&I9&")","VARBINARY(MAX)"),T9="VERSION_ORA","NUMBER("&IF(I9="",10,I9)&")",T9="VERSION_PG","NUMERIC("&IF(I9="",10,I9)&")",TRUE(),"(データ種別・DB名を確認してください)") -> NUMBER(10,2) | S9: =G9&"|"&F9 -> 数値|Oracle | T9: =IFERROR(INDEX(型マスタ!$E:$E,MATCH(S9,型マスタ!$A:$A,0)),"") -> NUMBER_ORA | U9: =IFERROR(INDEX(型マスタ!$D:$D,MATCH(S9,型マスタ!$A:$A,0)),"") -> NUMBER
A10: 7 | B10: public | C10: orders | D10: file_data | E10: 添付ファイル | F10: PostgreSQL | G10: バイナリ | M10: 許可 | O10: No | Q10: No | R10: =_xlfn.IFS(T10="FIXED",U10,T10="STRING",IF(I10="","(最大桁を入力してください)",IF(I10>4000,"CLOB",IF(H10="要","NVARCHAR2("&I10&")","VARCHAR2("&I10&")"))),T10="STRING_PG",IF(I10="","TEXT","VARCHAR("&I10&")"),T10="STRING_MS",IF(OR(I10="",I10>8000),IF(H10="要","NVARCHAR(MAX)","VARCHAR(MAX)"),IF(H10="要","NVARCHAR("&I10&")","VARCHAR("&I10&")")),T10="NUMBER_ORA",IF(I10="","(最大桁を入力してください)",IF(AND(J10<>"",J10>0),"NUMBER("&I10&","&J10&")","NUMBER("&I10&")")),T10="NUMBER_PG",IF(AND(J10<>"",J10>0),IF(I10="","(最大桁を入力してください)","NUMERIC("&I10&","&J10&")"),IF(I10="","INTEGER",IF(I10<=4,"SMALLINT",IF(I10<=9,"INTEGER","BIGINT")))),T10="NUMBER_MS",IF(AND(J10<>"",J10>0),IF(I10="","(最大桁を入力してください)","DECIMAL("&I10&","&J10&")"),IF(I10="","INT",IF(I10<=2,"TINYINT",IF(I10<=4,"SMALLINT",IF(I10<=9,"INT","BIGINT"))))),T10="DATE_ORA",IF(K10="不要","DATE",IF(L10="要","TIMESTAMP WITH TIME ZONE","TIMESTAMP")),T10="DATE_PG",IF(K10="不要","DATE",IF(L10="要","TIMESTAMPTZ","TIMESTAMP")),T10="DATE_MS",IF(K10="不要","DATE",IF(L10="要","DATETIMEOFFSET","DATETIME2")),T10="BIN_ORA",IF(AND(I10<>"",I10<=2000),"RAW("&I10&")","BLOB"),T10="BIN_MS",IF(AND(I10<>"",I10<=8000),"VARBINARY("&I10&")","VARBINARY(MAX)"),T10="VERSION_ORA","NUMBER("&IF(I10="",10,I10)&")",T10="VERSION_PG","NUMERIC("&IF(I10="",10,I10)&")",TRUE(),"(データ種別・DB名を確認してください)") -> BYTEA | S10: =G10&"|"&F10 -> バイナリ|PostgreSQL | T10: =IFERROR(INDEX(型マスタ!$E:$E,MATCH(S10,型マスタ!$A:$A,0)),"") -> FIXED | U10: =IFERROR(INDEX(型マスタ!$D:$D,MATCH(S10,型マスタ!$A:$A,0)),"") -> BYTEA
A11: 8 | B11: dbo | C11: orders | D11: config_json | E11: 設定情報 | F11: SQLServer | G11: JSON | M11: 許可 | O11: No | Q11: No | R11: =_xlfn.IFS(T11="FIXED",U11,T11="STRING",IF(I11="","(最大桁を入力してください)",IF(I11>4000,"CLOB",IF(H11="要","NVARCHAR2("&I11&")","VARCHAR2("&I11&")"))),T11="STRING_PG",IF(I11="","TEXT","VARCHAR("&I11&")"),T11="STRING_MS",IF(OR(I11="",I11>8000),IF(H11="要","NVARCHAR(MAX)","VARCHAR(MAX)"),IF(H11="要","NVARCHAR("&I11&")","VARCHAR("&I11&")")),T11="NUMBER_ORA",IF(I11="","(最大桁を入力してください)",IF(AND(J11<>"",J11>0),"NUMBER("&I11&","&J11&")","NUMBER("&I11&")")),T11="NUMBER_PG",IF(AND(J11<>"",J11>0),IF(I11="","(最大桁を入力してください)","NUMERIC("&I11&","&J11&")"),IF(I11="","INTEGER",IF(I11<=4,"SMALLINT",IF(I11<=9,"INTEGER","BIGINT")))),T11="NUMBER_MS",IF(AND(J11<>"",J11>0),IF(I11="","(最大桁を入力してください)","DECIMAL("&I11&","&J11&")"),IF(I11="","INT",IF(I11<=2,"TINYINT",IF(I11<=4,"SMALLINT",IF(I11<=9,"INT","BIGINT"))))),T11="DATE_ORA",IF(K11="不要","DATE",IF(L11="要","TIMESTAMP WITH TIME ZONE","TIMESTAMP")),T11="DATE_PG",IF(K11="不要","DATE",IF(L11="要","TIMESTAMPTZ","TIMESTAMP")),T11="DATE_MS",IF(K11="不要","DATE",IF(L11="要","DATETIMEOFFSET","DATETIME2")),T11="BIN_ORA",IF(AND(I11<>"",I11<=2000),"RAW("&I11&")","BLOB"),T11="BIN_MS",IF(AND(I11<>"",I11<=8000),"VARBINARY("&I11&")","VARBINARY(MAX)"),T11="VERSION_ORA","NUMBER("&IF(I11="",10,I11)&")",T11="VERSION_PG","NUMERIC("&IF(I11="",10,I11)&")",TRUE(),"(データ種別・DB名を確認してください)") -> NVARCHAR(MAX) | S11: =G11&"|"&F11 -> JSON|SQLServer | T11: =IFERROR(INDEX(型マスタ!$E:$E,MATCH(S11,型マスタ!$A:$A,0)),"") -> FIXED | U11: =IFERROR(INDEX(型マスタ!$D:$D,MATCH(S11,型マスタ!$A:$A,0)),"") -> NVARCHAR(MAX)
A12: 9 | B12: dbo | C12: orders | D12: version_no | E12: バージョン番号 | F12: SQLServer | G12: バージョン(排他制御) | M12: 不可 | O12: No | Q12: No | R12: =_xlfn.IFS(T12="FIXED",U12,T12="STRING",IF(I12="","(最大桁を入力してください)",IF(I12>4000,"CLOB",IF(H12="要","NVARCHAR2("&I12&")","VARCHAR2("&I12&")"))),T12="STRING_PG",IF(I12="","TEXT","VARCHAR("&I12&")"),T12="STRING_MS",IF(OR(I12="",I12>8000),IF(H12="要","NVARCHAR(MAX)","VARCHAR(MAX)"),IF(H12="要","NVARCHAR("&I12&")","VARCHAR("&I12&")")),T12="NUMBER_ORA",IF(I12="","(最大桁を入力してください)",IF(AND(J12<>"",J12>0),"NUMBER("&I12&","&J12&")","NUMBER("&I12&")")),T12="NUMBER_PG",IF(AND(J12<>"",J12>0),IF(I12="","(最大桁を入力してください)","NUMERIC("&I12&","&J12&")"),IF(I12="","INTEGER",IF(I12<=4,"SMALLINT",IF(I12<=9,"INTEGER","BIGINT")))),T12="NUMBER_MS",IF(AND(J12<>"",J12>0),IF(I12="","(最大桁を入力してください)","DECIMAL("&I12&","&J12&")"),IF(I12="","INT",IF(I12<=2,"TINYINT",IF(I12<=4,"SMALLINT",IF(I12<=9,"INT","BIGINT"))))),T12="DATE_ORA",IF(K12="不要","DATE",IF(L12="要","TIMESTAMP WITH TIME ZONE","TIMESTAMP")),T12="DATE_PG",IF(K12="不要","DATE",IF(L12="要","TIMESTAMPTZ","TIMESTAMP")),T12="DATE_MS",IF(K12="不要","DATE",IF(L12="要","DATETIMEOFFSET","DATETIME2")),T12="BIN_ORA",IF(AND(I12<>"",I12<=2000),"RAW("&I12&")","BLOB"),T12="BIN_MS",IF(AND(I12<>"",I12<=8000),"VARBINARY("&I12&")","VARBINARY(MAX)"),T12="VERSION_ORA","NUMBER("&IF(I12="",10,I12)&")",T12="VERSION_PG","NUMERIC("&IF(I12="",10,I12)&")",TRUE(),"(データ種別・DB名を確認してください)") -> ROWVERSION | S12: =G12&"|"&F12 -> バージョン(排他制御)|SQLServer | T12: =IFERROR(INDEX(型マスタ!$E:$E,MATCH(S12,型マスタ!$A:$A,0)),"") -> FIXED | U12: =IFERROR(INDEX(型マスタ!$D:$D,MATCH(S12,型マスタ!$A:$A,0)),"") -> ROWVERSION
A13: 10 | B13: public | C13: members | D13: birth_date | E13: 生年月日 | F13: PostgreSQL | G13: 日付 | K13: 不要 | M13: 許可 | O13: No | Q13: No | R13: =_xlfn.IFS(T13="FIXED",U13,T13="STRING",IF(I13="","(最大桁を入力してください)",IF(I13>4000,"CLOB",IF(H13="要","NVARCHAR2("&I13&")","VARCHAR2("&I13&")"))),T13="STRING_PG",IF(I13="","TEXT","VARCHAR("&I13&")"),T13="STRING_MS",IF(OR(I13="",I13>8000),IF(H13="要","NVARCHAR(MAX)","VARCHAR(MAX)"),IF(H13="要","NVARCHAR("&I13&")","VARCHAR("&I13&")")),T13="NUMBER_ORA",IF(I13="","(最大桁を入力してください)",IF(AND(J13<>"",J13>0),"NUMBER("&I13&","&J13&")","NUMBER("&I13&")")),T13="NUMBER_PG",IF(AND(J13<>"",J13>0),IF(I13="","(最大桁を入力してください)","NUMERIC("&I13&","&J13&")"),IF(I13="","INTEGER",IF(I13<=4,"SMALLINT",IF(I13<=9,"INTEGER","BIGINT")))),T13="NUMBER_MS",IF(AND(J13<>"",J13>0),IF(I13="","(最大桁を入力してください)","DECIMAL("&I13&","&J13&")"),IF(I13="","INT",IF(I13<=2,"TINYINT",IF(I13<=4,"SMALLINT",IF(I13<=9,"INT","BIGINT"))))),T13="DATE_ORA",IF(K13="不要","DATE",IF(L13="要","TIMESTAMP WITH TIME ZONE","TIMESTAMP")),T13="DATE_PG",IF(K13="不要","DATE",IF(L13="要","TIMESTAMPTZ","TIMESTAMP")),T13="DATE_MS",IF(K13="不要","DATE",IF(L13="要","DATETIMEOFFSET","DATETIME2")),T13="BIN_ORA",IF(AND(I13<>"",I13<=2000),"RAW("&I13&")","BLOB"),T13="BIN_MS",IF(AND(I13<>"",I13<=8000),"VARBINARY("&I13&")","VARBINARY(MAX)"),T13="VERSION_ORA","NUMBER("&IF(I13="",10,I13)&")",T13="VERSION_PG","NUMERIC("&IF(I13="",10,I13)&")",TRUE(),"(データ種別・DB名を確認してください)") -> DATE | S13: =G13&"|"&F13 -> 日付|PostgreSQL | T13: =IFERROR(INDEX(型マスタ!$E:$E,MATCH(S13,型マスタ!$A:$A,0)),"") -> DATE_PG | U13: =IFERROR(INDEX(型マスタ!$D:$D,MATCH(S13,型マスタ!$A:$A,0)),"") -> 0
A14: 11 | B14: SCOTT | C14: members | D14: address | E14: 住所 | F14: Oracle | G14: 文字列 | H14: 不要 | I14: 200 | M14: 許可 | O14: No | Q14: No | R14: =_xlfn.IFS(T14="FIXED",U14,T14="STRING",IF(I14="","(最大桁を入力してください)",IF(I14>4000,"CLOB",IF(H14="要","NVARCHAR2("&I14&")","VARCHAR2("&I14&")"))),T14="STRING_PG",IF(I14="","TEXT","VARCHAR("&I14&")"),T14="STRING_MS",IF(OR(I14="",I14>8000),IF(H14="要","NVARCHAR(MAX)","VARCHAR(MAX)"),IF(H14="要","NVARCHAR("&I14&")","VARCHAR("&I14&")")),T14="NUMBER_ORA",IF(I14="","(最大桁を入力してください)",IF(AND(J14<>"",J14>0),"NUMBER("&I14&","&J14&")","NUMBER("&I14&")")),T14="NUMBER_PG",IF(AND(J14<>"",J14>0),IF(I14="","(最大桁を入力してください)","NUMERIC("&I14&","&J14&")"),IF(I14="","INTEGER",IF(I14<=4,"SMALLINT",IF(I14<=9,"INTEGER","BIGINT")))),T14="NUMBER_MS",IF(AND(J14<>"",J14>0),IF(I14="","(最大桁を入力してください)","DECIMAL("&I14&","&J14&")"),IF(I14="","INT",IF(I14<=2,"TINYINT",IF(I14<=4,"SMALLINT",IF(I14<=9,"INT","BIGINT"))))),T14="DATE_ORA",IF(K14="不要","DATE",IF(L14="要","TIMESTAMP WITH TIME ZONE","TIMESTAMP")),T14="DATE_PG",IF(K14="不要","DATE",IF(L14="要","TIMESTAMPTZ","TIMESTAMP")),T14="DATE_MS",IF(K14="不要","DATE",IF(L14="要","DATETIMEOFFSET","DATETIME2")),T14="BIN_ORA",IF(AND(I14<>"",I14<=2000),"RAW("&I14&")","BLOB"),T14="BIN_MS",IF(AND(I14<>"",I14<=8000),"VARBINARY("&I14&")","VARBINARY(MAX)"),T14="VERSION_ORA","NUMBER("&IF(I14="",10,I14)&")",T14="VERSION_PG","NUMERIC("&IF(I14="",10,I14)&")",TRUE(),"(データ種別・DB名を確認してください)") -> VARCHAR2(200) | S14: =G14&"|"&F14 -> 文字列|Oracle | T14: =IFERROR(INDEX(型マスタ!$E:$E,MATCH(S14,型マスタ!$A:$A,0)),"") -> STRING | U14: =IFERROR(INDEX(型マスタ!$D:$D,MATCH(S14,型マスタ!$A:$A,0)),"") -> VARCHAR2
A15: 12 | B15: public | C15: members | D15: memo | E15: 備考 | F15: PostgreSQL | G15: 文字列 | M15: 許可 | O15: No | Q15: No | R15: =_xlfn.IFS(T15="FIXED",U15,T15="STRING",IF(I15="","(最大桁を入力してください)",IF(I15>4000,"CLOB",IF(H15="要","NVARCHAR2("&I15&")","VARCHAR2("&I15&")"))),T15="STRING_PG",IF(I15="","TEXT","VARCHAR("&I15&")"),T15="STRING_MS",IF(OR(I15="",I15>8000),IF(H15="要","NVARCHAR(MAX)","VARCHAR(MAX)"),IF(H15="要","NVARCHAR("&I15&")","VARCHAR("&I15&")")),T15="NUMBER_ORA",IF(I15="","(最大桁を入力してください)",IF(AND(J15<>"",J15>0),"NUMBER("&I15&","&J15&")","NUMBER("&I15&")")),T15="NUMBER_PG",IF(AND(J15<>"",J15>0),IF(I15="","(最大桁を入力してください)","NUMERIC("&I15&","&J15&")"),IF(I15="","INTEGER",IF(I15<=4,"SMALLINT",IF(I15<=9,"INTEGER","BIGINT")))),T15="NUMBER_MS",IF(AND(J15<>"",J15>0),IF(I15="","(最大桁を入力してください)","DECIMAL("&I15&","&J15&")"),IF(I15="","INT",IF(I15<=2,"TINYINT",IF(I15<=4,"SMALLINT",IF(I15<=9,"INT","BIGINT"))))),T15="DATE_ORA",IF(K15="不要","DATE",IF(L15="要","TIMESTAMP WITH TIME ZONE","TIMESTAMP")),T15="DATE_PG",IF(K15="不要","DATE",IF(L15="要","TIMESTAMPTZ","TIMESTAMP")),T15="DATE_MS",IF(K15="不要","DATE",IF(L15="要","DATETIMEOFFSET","DATETIME2")),T15="BIN_ORA",IF(AND(I15<>"",I15<=2000),"RAW("&I15&")","BLOB"),T15="BIN_MS",IF(AND(I15<>"",I15<=8000),"VARBINARY("&I15&")","VARBINARY(MAX)"),T15="VERSION_ORA","NUMBER("&IF(I15="",10,I15)&")",T15="VERSION_PG","NUMERIC("&IF(I15="",10,I15)&")",TRUE(),"(データ種別・DB名を確認してください)") -> TEXT | S15: =G15&"|"&F15 -> 文字列|PostgreSQL | T15: =IFERROR(INDEX(型マスタ!$E:$E,MATCH(S15,型マスタ!$A:$A,0)),"") -> STRING_PG | U15: =IFERROR(INDEX(型マスタ!$D:$D,MATCH(S15,型マスタ!$A:$A,0)),"") -> VARCHAR
A16: 13 | B16: public | C16: stocks | D16: stock_qty | E16: 在庫数 | F16: PostgreSQL | G16: 数値 | I16: 3 | M16: 不可 | N16: 0 | O16: No | Q16: No | R16: =_xlfn.IFS(T16="FIXED",U16,T16="STRING",IF(I16="","(最大桁を入力してください)",IF(I16>4000,"CLOB",IF(H16="要","NVARCHAR2("&I16&")","VARCHAR2("&I16&")"))),T16="STRING_PG",IF(I16="","TEXT","VARCHAR("&I16&")"),T16="STRING_MS",IF(OR(I16="",I16>8000),IF(H16="要","NVARCHAR(MAX)","VARCHAR(MAX)"),IF(H16="要","NVARCHAR("&I16&")","VARCHAR("&I16&")")),T16="NUMBER_ORA",IF(I16="","(最大桁を入力してください)",IF(AND(J16<>"",J16>0),"NUMBER("&I16&","&J16&")","NUMBER("&I16&")")),T16="NUMBER_PG",IF(AND(J16<>"",J16>0),IF(I16="","(最大桁を入力してください)","NUMERIC("&I16&","&J16&")"),IF(I16="","INTEGER",IF(I16<=4,"SMALLINT",IF(I16<=9,"INTEGER","BIGINT")))),T16="NUMBER_MS",IF(AND(J16<>"",J16>0),IF(I16="","(最大桁を入力してください)","DECIMAL("&I16&","&J16&")"),IF(I16="","INT",IF(I16<=2,"TINYINT",IF(I16<=4,"SMALLINT",IF(I16<=9,"INT","BIGINT"))))),T16="DATE_ORA",IF(K16="不要","DATE",IF(L16="要","TIMESTAMP WITH TIME ZONE","TIMESTAMP")),T16="DATE_PG",IF(K16="不要","DATE",IF(L16="要","TIMESTAMPTZ","TIMESTAMP")),T16="DATE_MS",IF(K16="不要","DATE",IF(L16="要","DATETIMEOFFSET","DATETIME2")),T16="BIN_ORA",IF(AND(I16<>"",I16<=2000),"RAW("&I16&")","BLOB"),T16="BIN_MS",IF(AND(I16<>"",I16<=8000),"VARBINARY("&I16&")","VARBINARY(MAX)"),T16="VERSION_ORA","NUMBER("&IF(I16="",10,I16)&")",T16="VERSION_PG","NUMERIC("&IF(I16="",10,I16)&")",TRUE(),"(データ種別・DB名を確認してください)") -> SMALLINT | S16: =G16&"|"&F16 -> 数値|PostgreSQL | T16: =IFERROR(INDEX(型マスタ!$E:$E,MATCH(S16,型マスタ!$A:$A,0)),"") -> NUMBER_PG | U16: =IFERROR(INDEX(型マスタ!$D:$D,MATCH(S16,型マスタ!$A:$A,0)),"") -> NUMERIC
A17: 14 | B17: dbo | C17: stocks | D17: age | E17: 年齢 | F17: SQLServer | G17: 数値 | I17: 2 | M17: 許可 | O17: No | Q17: No | R17: =_xlfn.IFS(T17="FIXED",U17,T17="STRING",IF(I17="","(最大桁を入力してください)",IF(I17>4000,"CLOB",IF(H17="要","NVARCHAR2("&I17&")","VARCHAR2("&I17&")"))),T17="STRING_PG",IF(I17="","TEXT","VARCHAR("&I17&")"),T17="STRING_MS",IF(OR(I17="",I17>8000),IF(H17="要","NVARCHAR(MAX)","VARCHAR(MAX)"),IF(H17="要","NVARCHAR("&I17&")","VARCHAR("&I17&")")),T17="NUMBER_ORA",IF(I17="","(最大桁を入力してください)",IF(AND(J17<>"",J17>0),"NUMBER("&I17&","&J17&")","NUMBER("&I17&")")),T17="NUMBER_PG",IF(AND(J17<>"",J17>0),IF(I17="","(最大桁を入力してください)","NUMERIC("&I17&","&J17&")"),IF(I17="","INTEGER",IF(I17<=4,"SMALLINT",IF(I17<=9,"INTEGER","BIGINT")))),T17="NUMBER_MS",IF(AND(J17<>"",J17>0),IF(I17="","(最大桁を入力してください)","DECIMAL("&I17&","&J17&")"),IF(I17="","INT",IF(I17<=2,"TINYINT",IF(I17<=4,"SMALLINT",IF(I17<=9,"INT","BIGINT"))))),T17="DATE_ORA",IF(K17="不要","DATE",IF(L17="要","TIMESTAMP WITH TIME ZONE","TIMESTAMP")),T17="DATE_PG",IF(K17="不要","DATE",IF(L17="要","TIMESTAMPTZ","TIMESTAMP")),T17="DATE_MS",IF(K17="不要","DATE",IF(L17="要","DATETIMEOFFSET","DATETIME2")),T17="BIN_ORA",IF(AND(I17<>"",I17<=2000),"RAW("&I17&")","BLOB"),T17="BIN_MS",IF(AND(I17<>"",I17<=8000),"VARBINARY("&I17&")","VARBINARY(MAX)"),T17="VERSION_ORA","NUMBER("&IF(I17="",10,I17)&")",T17="VERSION_PG","NUMERIC("&IF(I17="",10,I17)&")",TRUE(),"(データ種別・DB名を確認してください)") -> TINYINT | S17: =G17&"|"&F17 -> 数値|SQLServer | T17: =IFERROR(INDEX(型マスタ!$E:$E,MATCH(S17,型マスタ!$A:$A,0)),"") -> NUMBER_MS | U17: =IFERROR(INDEX(型マスタ!$D:$D,MATCH(S17,型マスタ!$A:$A,0)),"") -> DECIMAL
A18: 15 | B18: dbo | C18: stocks | D18: customer_no | E18: 顧客番号 | F18: SQLServer | G18: 数値 | I18: 12 | M18: 不可 | O18: No | Q18: No | R18: =_xlfn.IFS(T18="FIXED",U18,T18="STRING",IF(I18="","(最大桁を入力してください)",IF(I18>4000,"CLOB",IF(H18="要","NVARCHAR2("&I18&")","VARCHAR2("&I18&")"))),T18="STRING_PG",IF(I18="","TEXT","VARCHAR("&I18&")"),T18="STRING_MS",IF(OR(I18="",I18>8000),IF(H18="要","NVARCHAR(MAX)","VARCHAR(MAX)"),IF(H18="要","NVARCHAR("&I18&")","VARCHAR("&I18&")")),T18="NUMBER_ORA",IF(I18="","(最大桁を入力してください)",IF(AND(J18<>"",J18>0),"NUMBER("&I18&","&J18&")","NUMBER("&I18&")")),T18="NUMBER_PG",IF(AND(J18<>"",J18>0),IF(I18="","(最大桁を入力してください)","NUMERIC("&I18&","&J18&")"),IF(I18="","INTEGER",IF(I18<=4,"SMALLINT",IF(I18<=9,"INTEGER","BIGINT")))),T18="NUMBER_MS",IF(AND(J18<>"",J18>0),IF(I18="","(最大桁を入力してください)","DECIMAL("&I18&","&J18&")"),IF(I18="","INT",IF(I18<=2,"TINYINT",IF(I18<=4,"SMALLINT",IF(I18<=9,"INT","BIGINT"))))),T18="DATE_ORA",IF(K18="不要","DATE",IF(L18="要","TIMESTAMP WITH TIME ZONE","TIMESTAMP")),T18="DATE_PG",IF(K18="不要","DATE",IF(L18="要","TIMESTAMPTZ","TIMESTAMP")),T18="DATE_MS",IF(K18="不要","DATE",IF(L18="要","DATETIMEOFFSET","DATETIME2")),T18="BIN_ORA",IF(AND(I18<>"",I18<=2000),"RAW("&I18&")","BLOB"),T18="BIN_MS",IF(AND(I18<>"",I18<=8000),"VARBINARY("&I18&")","VARBINARY(MAX)"),T18="VERSION_ORA","NUMBER("&IF(I18="",10,I18)&")",T18="VERSION_PG","NUMERIC("&IF(I18="",10,I18)&")",TRUE(),"(データ種別・DB名を確認してください)") -> BIGINT | S18: =G18&"|"&F18 -> 数値|SQLServer | T18: =IFERROR(INDEX(型マスタ!$E:$E,MATCH(S18,型マスタ!$A:$A,0)),"") -> NUMBER_MS | U18: =IFERROR(INDEX(型マスタ!$D:$D,MATCH(S18,型マスタ!$A:$A,0)),"") -> DECIMAL
A19: 16 | B19: SCOTT | C19: files | D19: photo | E19: 写真データ | F19: Oracle | G19: バイナリ | I19: 500 | M19: 許可 | O19: No | Q19: No | R19: =_xlfn.IFS(T19="FIXED",U19,T19="STRING",IF(I19="","(最大桁を入力してください)",IF(I19>4000,"CLOB",IF(H19="要","NVARCHAR2("&I19&")","VARCHAR2("&I19&")"))),T19="STRING_PG",IF(I19="","TEXT","VARCHAR("&I19&")"),T19="STRING_MS",IF(OR(I19="",I19>8000),IF(H19="要","NVARCHAR(MAX)","VARCHAR(MAX)"),IF(H19="要","NVARCHAR("&I19&")","VARCHAR("&I19&")")),T19="NUMBER_ORA",IF(I19="","(最大桁を入力してください)",IF(AND(J19<>"",J19>0),"NUMBER("&I19&","&J19&")","NUMBER("&I19&")")),T19="NUMBER_PG",IF(AND(J19<>"",J19>0),IF(I19="","(最大桁を入力してください)","NUMERIC("&I19&","&J19&")"),IF(I19="","INTEGER",IF(I19<=4,"SMALLINT",IF(I19<=9,"INTEGER","BIGINT")))),T19="NUMBER_MS",IF(AND(J19<>"",J19>0),IF(I19="","(最大桁を入力してください)","DECIMAL("&I19&","&J19&")"),IF(I19="","INT",IF(I19<=2,"TINYINT",IF(I19<=4,"SMALLINT",IF(I19<=9,"INT","BIGINT"))))),T19="DATE_ORA",IF(K19="不要","DATE",IF(L19="要","TIMESTAMP WITH TIME ZONE","TIMESTAMP")),T19="DATE_PG",IF(K19="不要","DATE",IF(L19="要","TIMESTAMPTZ","TIMESTAMP")),T19="DATE_MS",IF(K19="不要","DATE",IF(L19="要","DATETIMEOFFSET","DATETIME2")),T19="BIN_ORA",IF(AND(I19<>"",I19<=2000),"RAW("&I19&")","BLOB"),T19="BIN_MS",IF(AND(I19<>"",I19<=8000),"VARBINARY("&I19&")","VARBINARY(MAX)"),T19="VERSION_ORA","NUMBER("&IF(I19="",10,I19)&")",T19="VERSION_PG","NUMERIC("&IF(I19="",10,I19)&")",TRUE(),"(データ種別・DB名を確認してください)") -> RAW(500) | S19: =G19&"|"&F19 -> バイナリ|Oracle | T19: =IFERROR(INDEX(型マスタ!$E:$E,MATCH(S19,型マスタ!$A:$A,0)),"") -> BIN_ORA | U19: =IFERROR(INDEX(型マスタ!$D:$D,MATCH(S19,型マスタ!$A:$A,0)),"") -> 0
A20: 17 | B20: dbo | C20: files | D20: large_file | E20: 大容量ファイル | F20: SQLServer | G20: バイナリ | M20: 許可 | O20: No | Q20: No | R20: =_xlfn.IFS(T20="FIXED",U20,T20="STRING",IF(I20="","(最大桁を入力してください)",IF(I20>4000,"CLOB",IF(H20="要","NVARCHAR2("&I20&")","VARCHAR2("&I20&")"))),T20="STRING_PG",IF(I20="","TEXT","VARCHAR("&I20&")"),T20="STRING_MS",IF(OR(I20="",I20>8000),IF(H20="要","NVARCHAR(MAX)","VARCHAR(MAX)"),IF(H20="要","NVARCHAR("&I20&")","VARCHAR("&I20&")")),T20="NUMBER_ORA",IF(I20="","(最大桁を入力してください)",IF(AND(J20<>"",J20>0),"NUMBER("&I20&","&J20&")","NUMBER("&I20&")")),T20="NUMBER_PG",IF(AND(J20<>"",J20>0),IF(I20="","(最大桁を入力してください)","NUMERIC("&I20&","&J20&")"),IF(I20="","INTEGER",IF(I20<=4,"SMALLINT",IF(I20<=9,"INTEGER","BIGINT")))),T20="NUMBER_MS",IF(AND(J20<>"",J20>0),IF(I20="","(最大桁を入力してください)","DECIMAL("&I20&","&J20&")"),IF(I20="","INT",IF(I20<=2,"TINYINT",IF(I20<=4,"SMALLINT",IF(I20<=9,"INT","BIGINT"))))),T20="DATE_ORA",IF(K20="不要","DATE",IF(L20="要","TIMESTAMP WITH TIME ZONE","TIMESTAMP")),T20="DATE_PG",IF(K20="不要","DATE",IF(L20="要","TIMESTAMPTZ","TIMESTAMP")),T20="DATE_MS",IF(K20="不要","DATE",IF(L20="要","DATETIMEOFFSET","DATETIME2")),T20="BIN_ORA",IF(AND(I20<>"",I20<=2000),"RAW("&I20&")","BLOB"),T20="BIN_MS",IF(AND(I20<>"",I20<=8000),"VARBINARY("&I20&")","VARBINARY(MAX)"),T20="VERSION_ORA","NUMBER("&IF(I20="",10,I20)&")",T20="VERSION_PG","NUMERIC("&IF(I20="",10,I20)&")",TRUE(),"(データ種別・DB名を確認してください)") -> VARBINARY(MAX) | S20: =G20&"|"&F20 -> バイナリ|SQLServer | T20: =IFERROR(INDEX(型マスタ!$E:$E,MATCH(S20,型マスタ!$A:$A,0)),"") -> BIN_MS | U20: =IFERROR(INDEX(型マスタ!$D:$D,MATCH(S20,型マスタ!$A:$A,0)),"") -> 0
A21: 18 | B21: SCOTT | C21: orders | D21: row_version | E21: 行バージョン | F21: Oracle | G21: バージョン(排他制御) | M21: 不可 | N21: 1 | O21: No | Q21: No | R21: =_xlfn.IFS(T21="FIXED",U21,T21="STRING",IF(I21="","(最大桁を入力してください)",IF(I21>4000,"CLOB",IF(H21="要","NVARCHAR2("&I21&")","VARCHAR2("&I21&")"))),T21="STRING_PG",IF(I21="","TEXT","VARCHAR("&I21&")"),T21="STRING_MS",IF(OR(I21="",I21>8000),IF(H21="要","NVARCHAR(MAX)","VARCHAR(MAX)"),IF(H21="要","NVARCHAR("&I21&")","VARCHAR("&I21&")")),T21="NUMBER_ORA",IF(I21="","(最大桁を入力してください)",IF(AND(J21<>"",J21>0),"NUMBER("&I21&","&J21&")","NUMBER("&I21&")")),T21="NUMBER_PG",IF(AND(J21<>"",J21>0),IF(I21="","(最大桁を入力してください)","NUMERIC("&I21&","&J21&")"),IF(I21="","INTEGER",IF(I21<=4,"SMALLINT",IF(I21<=9,"INTEGER","BIGINT")))),T21="NUMBER_MS",IF(AND(J21<>"",J21>0),IF(I21="","(最大桁を入力してください)","DECIMAL("&I21&","&J21&")"),IF(I21="","INT",IF(I21<=2,"TINYINT",IF(I21<=4,"SMALLINT",IF(I21<=9,"INT","BIGINT"))))),T21="DATE_ORA",IF(K21="不要","DATE",IF(L21="要","TIMESTAMP WITH TIME ZONE","TIMESTAMP")),T21="DATE_PG",IF(K21="不要","DATE",IF(L21="要","TIMESTAMPTZ","TIMESTAMP")),T21="DATE_MS",IF(K21="不要","DATE",IF(L21="要","DATETIMEOFFSET","DATETIME2")),T21="BIN_ORA",IF(AND(I21<>"",I21<=2000),"RAW("&I21&")","BLOB"),T21="BIN_MS",IF(AND(I21<>"",I21<=8000),"VARBINARY("&I21&")","VARBINARY(MAX)"),T21="VERSION_ORA","NUMBER("&IF(I21="",10,I21)&")",T21="VERSION_PG","NUMERIC("&IF(I21="",10,I21)&")",TRUE(),"(データ種別・DB名を確認してください)") -> NUMBER(10) | S21: =G21&"|"&F21 -> バージョン(排他制御)|Oracle | T21: =IFERROR(INDEX(型マスタ!$E:$E,MATCH(S21,型マスタ!$A:$A,0)),"") -> VERSION_ORA | U21: =IFERROR(INDEX(型マスタ!$D:$D,MATCH(S21,型マスタ!$A:$A,0)),"") -> NUMBER
A22: 19 | B22: public | C22: orders | D22: row_version | E22: 行バージョン | F22: PostgreSQL | G22: バージョン(排他制御) | M22: 不可 | N22: 1 | O22: No | Q22: No | R22: =_xlfn.IFS(T22="FIXED",U22,T22="STRING",IF(I22="","(最大桁を入力してください)",IF(I22>4000,"CLOB",IF(H22="要","NVARCHAR2("&I22&")","VARCHAR2("&I22&")"))),T22="STRING_PG",IF(I22="","TEXT","VARCHAR("&I22&")"),T22="STRING_MS",IF(OR(I22="",I22>8000),IF(H22="要","NVARCHAR(MAX)","VARCHAR(MAX)"),IF(H22="要","NVARCHAR("&I22&")","VARCHAR("&I22&")")),T22="NUMBER_ORA",IF(I22="","(最大桁を入力してください)",IF(AND(J22<>"",J22>0),"NUMBER("&I22&","&J22&")","NUMBER("&I22&")")),T22="NUMBER_PG",IF(AND(J22<>"",J22>0),IF(I22="","(最大桁を入力してください)","NUMERIC("&I22&","&J22&")"),IF(I22="","INTEGER",IF(I22<=4,"SMALLINT",IF(I22<=9,"INTEGER","BIGINT")))),T22="NUMBER_MS",IF(AND(J22<>"",J22>0),IF(I22="","(最大桁を入力してください)","DECIMAL("&I22&","&J22&")"),IF(I22="","INT",IF(I22<=2,"TINYINT",IF(I22<=4,"SMALLINT",IF(I22<=9,"INT","BIGINT"))))),T22="DATE_ORA",IF(K22="不要","DATE",IF(L22="要","TIMESTAMP WITH TIME ZONE","TIMESTAMP")),T22="DATE_PG",IF(K22="不要","DATE",IF(L22="要","TIMESTAMPTZ","TIMESTAMP")),T22="DATE_MS",IF(K22="不要","DATE",IF(L22="要","DATETIMEOFFSET","DATETIME2")),T22="BIN_ORA",IF(AND(I22<>"",I22<=2000),"RAW("&I22&")","BLOB"),T22="BIN_MS",IF(AND(I22<>"",I22<=8000),"VARBINARY("&I22&")","VARBINARY(MAX)"),T22="VERSION_ORA","NUMBER("&IF(I22="",10,I22)&")",T22="VERSION_PG","NUMERIC("&IF(I22="",10,I22)&")",TRUE(),"(データ種別・DB名を確認してください)") -> NUMERIC(10) | S22: =G22&"|"&F22 -> バージョン(排他制御)|PostgreSQL | T22: =IFERROR(INDEX(型マスタ!$E:$E,MATCH(S22,型マスタ!$A:$A,0)),"") -> VERSION_PG | U22: =IFERROR(INDEX(型マスタ!$D:$D,MATCH(S22,型マスタ!$A:$A,0)),"") -> NUMERIC

Sheet 型マスタ
A1: キー | B1: データ種別 | C1: DB名 | D1: 基本型名 | E1: パターン
A2: 文字列|Oracle | B2: 文字列 | C2: Oracle | D2: VARCHAR2 | E2: STRING
A3: 文字列|PostgreSQL | B3: 文字列 | C3: PostgreSQL | D3: VARCHAR | E3: STRING_PG
A4: 文字列|SQLServer | B4: 文字列 | C4: SQLServer | D4: VARCHAR | E4: STRING_MS
A5: 数値|Oracle | B5: 数値 | C5: Oracle | D5: NUMBER | E5: NUMBER_ORA
A6: 数値|PostgreSQL | B6: 数値 | C6: PostgreSQL | D6: NUMERIC | E6: NUMBER_PG
A7: 数値|SQLServer | B7: 数値 | C7: SQLServer | D7: DECIMAL | E7: NUMBER_MS
A8: 真偽値|Oracle | B8: 真偽値 | C8: Oracle | D8: CHAR(1) | E8: FIXED
A9: 真偽値|PostgreSQL | B9: 真偽値 | C9: PostgreSQL | D9: BOOLEAN | E9: FIXED
A10: 真偽値|SQLServer | B10: 真偽値 | C10: SQLServer | D10: BIT | E10: FIXED
A11: 日付|Oracle | B11: 日付 | C11: Oracle | E11: DATE_ORA
A12: 日付|PostgreSQL | B12: 日付 | C12: PostgreSQL | E12: DATE_PG
A13: 日付|SQLServer | B13: 日付 | C13: SQLServer | E13: DATE_MS
A14: バイナリ|Oracle | B14: バイナリ | C14: Oracle | E14: BIN_ORA
A15: バイナリ|PostgreSQL | B15: バイナリ | C15: PostgreSQL | D15: BYTEA | E15: FIXED
A16: バイナリ|SQLServer | B16: バイナリ | C16: SQLServer | E16: BIN_MS
A17: UUID|Oracle | B17: UUID | C17: Oracle | D17: RAW(16) | E17: FIXED
A18: UUID|PostgreSQL | B18: UUID | C18: PostgreSQL | D18: UUID | E18: FIXED
A19: UUID|SQLServer | B19: UUID | C19: SQLServer | D19: UNIQUEIDENTIFIER | E19: FIXED
A20: JSON|Oracle | B20: JSON | C20: Oracle | D20: CLOB | E20: FIXED
A21: JSON|PostgreSQL | B21: JSON | C21: PostgreSQL | D21: JSONB | E21: FIXED
A22: JSON|SQLServer | B22: JSON | C22: SQLServer | D22: NVARCHAR(MAX) | E22: FIXED
A23: XML|Oracle | B23: XML | C23: Oracle | D23: XMLType | E23: FIXED
A24: XML|PostgreSQL | B24: XML | C24: PostgreSQL | D24: XML | E24: FIXED
A25: XML|SQLServer | B25: XML | C25: SQLServer | D25: XML | E25: FIXED
A26: バージョン(排他制御)|Oracle | B26: バージョン(排他制御) | C26: Oracle | D26: NUMBER | E26: VERSION_ORA
A27: バージョン(排他制御)|PostgreSQL | B27: バージョン(排他制御) | C27: PostgreSQL | D27: NUMERIC | E27: VERSION_PG
A28: バージョン(排他制御)|SQLServer | B28: バージョン(排他制御) | C28: SQLServer | D28: ROWVERSION | E28: FIXED
